<?xml version="1.0" encoding="UTF-8"?>
<project-private xmlns="http://www.netbeans.org/ns/project-private/1">
    <editor-bookmarks xmlns="http://www.netbeans.org/ns/editor-bookmarks/2" lastBookmarkId="0"/>
    <open-files xmlns="http://www.netbeans.org/ns/projectui-open-files/2">
        <group>
            <file>file:/C:/Users/Nicolas/Documents/NetBeansProjects/Ajedrez/src/Data/Ficha.java</file>
            <file>file:/C:/Users/Nicolas/Documents/NetBeansProjects/Ajedrez/src/UI/AjedrezUI.java</file>
            <file>file:/C:/Users/Nicolas/Documents/NetBeansProjects/Ajedrez/src/BusinessLogic/Ajedrez.java</file>
            <file>file:/C:/Users/Nicolas/Documents/NetBeansProjects/Ajedrez/src/Data/Rey.java</file>
            <file>file:/C:/Users/Nicolas/Documents/NetBeansProjects/Ajedrez/src/Data/Tablero.java</file>
        </group>
    </open-files>
</project-private>
