<?xml version="1.0" encoding="UTF-8"?>
<project-private xmlns="http://www.netbeans.org/ns/project-private/1">
    <editor-bookmarks xmlns="http://www.netbeans.org/ns/editor-bookmarks/1">
        <file>
            <url>src/MainFrame/ChessFrame/MainPanel.java</url>
            <line>473</line>
        </file>
    </editor-bookmarks>
    <editor-bookmarks xmlns="http://www.netbeans.org/ns/editor-bookmarks/2" lastBookmarkId="0">
        <file>
            <url>src/MainFrame/ChessFrame/MainPanel.java</url>
            <bookmark id="0">
                <name/>
                <line>0</line>
                <key/>
            </bookmark>
        </file>
    </editor-bookmarks>
    <open-files xmlns="http://www.netbeans.org/ns/projectui-open-files/2">
        <group>
            <file>file:/C:/Users/nico_/Downloads/JChess2/JChess/src/UI/Chess_MainMenuBar.java</file>
            <file>file:/C:/Users/nico_/Downloads/JChess2/JChess/src/UI/Load_Item.java</file>
            <file>file:/C:/Users/nico_/Downloads/JChess2/JChess/src/UI/FileInstruction_Item.java</file>
            <file>file:/C:/Users/nico_/Downloads/JChess2/JChess/src/UI/New_Item.java</file>
            <file>file:/C:/Users/nico_/Downloads/JChess2/JChess/src/Data/player2.java</file>
            <file>file:/C:/Users/nico_/Downloads/JChess2/JChess/src/UI/File_Menu.java</file>
            <file>file:/C:/Users/nico_/Downloads/JChess2/JChess/src/Data/Ficha.java</file>
            <file>file:/C:/Users/nico_/Downloads/JChess2/JChess/src/Data/Pawn.java</file>
            <file>file:/C:/Users/nico_/Downloads/JChess2/JChess/src/Data/King.java</file>
            <file>file:/C:/Users/nico_/Downloads/JChess2/JChess/nbproject/build-impl.xml</file>
            <file>file:/C:/Users/nico_/Downloads/JChess2/JChess/src/Data/Queen.java</file>
            <file>file:/C:/Users/nico_/Downloads/JChess2/JChess/src/UI/StatusPanel.java</file>
            <file>file:/C:/Users/nico_/Downloads/JChess2/JChess/src/UI/Save_Item.java</file>
            <file>file:/C:/Users/nico_/Downloads/JChess2/JChess/src/Data/player1.java</file>
            <file>file:/C:/Users/nico_/Downloads/JChess2/JChess/src/UI/Instruction_Menu.java</file>
            <file>file:/C:/Users/nico_/Downloads/JChess2/JChess/src/Data/Knight.java</file>
            <file>file:/C:/Users/nico_/Downloads/JChess2/JChess/src/Data/Bishop.java</file>
            <file>file:/C:/Users/nico_/Downloads/JChess2/JChess/src/UI/MainFrame.java</file>
            <file>file:/C:/Users/nico_/Downloads/JChess2/JChess/src/UI/Chess.java</file>
            <file>file:/C:/Users/nico_/Downloads/JChess2/JChess/src/UI/NewGameDialoge.java</file>
            <file>file:/C:/Users/nico_/Downloads/JChess2/JChess/src/Data/PieceIcon.java</file>
            <file>file:/C:/Users/nico_/Downloads/JChess2/JChess/src/UI/Exit_Item.java</file>
            <file>file:/C:/Users/nico_/Downloads/JChess2/JChess/src/BusinessLogic/MainPanel.java</file>
            <file>file:/C:/Users/nico_/Downloads/JChess2/JChess/src/UI/Autor_Item.java</file>
            <file>file:/C:/Users/nico_/Downloads/JChess2/JChess/src/Data/Rook.java</file>
        </group>
    </open-files>
</project-private>
